19-Jun-19,00:00.0,-5622.398058,-3603.609255,12.418168,2.336288,-3.624243,6.054517,,For Matlab simulation use the following numbers
19-Jun-19,00:38.6,-5527.095764,-3740.069661,245.911086,2.60356,-3.448989,6.047815,,Start of Sim = 170.67
19-Jun-19,01:18.3,-5418.354768,-3873.312175,485.645977,2.874208,-3.263072,6.02829,,End of Sim = 170.78
19-Jun-19,02:25.2,-5211.18203,-4080.753331,886.948591,3.318683,-2.938043,5.966553,,Time Step = 0.00073
19-Jun-19,03:32.0,-4974.891972,-4265.956621,1282.81509,3.746443,-2.599851,5.868995,,
19-Jun-19,04:38.9,-4710.715815,-4428.107211,1670.850705,4.155039,-2.250383,5.73625,,
19-Jun-19,05:45.7,-4419.730726,-4566.655169,2049.103921,4.542524,-1.891188,5.568979,,
19-Jun-19,06:52.7,-4103.386286,-4680.983802,2415.286733,4.906632,-1.524178,5.368126,,
19-Jun-19,07:59.6,-3763.633423,-4770.526031,2766.832127,5.244884,-1.151668,5.135091,,
19-Jun-19,09:06.5,-3402.137578,-4835.015685,3101.770456,5.555454,-0.775485,4.871206,,
19-Jun-19,10:13.5,-3020.167791,-4874.312831,3418.590625,5.836954,-0.396976,4.577556,,
19-Jun-19,11:20.7,-2619.602802,-4888.240548,3715.330579,6.0876,-0.018041,4.255718,,
19-Jun-19,12:27.9,-2203.095466,-4876.774185,3989.71235,6.305426,0.358837,3.907989,,
19-Jun-19,13:35.1,-1772.994305,-4840.104676,4239.982005,6.489005,0.73163,3.536534,,
19-Jun-19,14:42.3,-1331.768054,-4778.580676,4464.544666,6.637127,1.098329,3.143707,,
19-Jun-19,15:49.3,-882.643195,-4692.851673,4661.718745,6.748683,1.456458,2.732639,,
19-Jun-19,16:56.4,-427.464332,-4583.466499,4830.689743,6.82321,1.804777,2.305279,,
19-Jun-19,18:03.4,31.380736,-4451.123085,4970.50714,6.860221,2.141678,1.864098,,
19-Jun-19,19:10.4,491.240943,-4296.693582,5080.317093,6.859401,2.46545,1.411868,,
19-Jun-19,20:17.4,949.447893,-4121.180931,5159.47803,6.820683,2.774478,0.951435,,
19-Jun-19,21:24.3,1403.444696,-3925.662597,5207.575275,6.744225,3.067317,0.48559,,
19-Jun-19,22:31.2,1850.871209,-3711.223505,5224.388589,6.630348,3.342728,0.016964,,
19-Jun-19,23:38.0,2289.261362,-3479.080648,5209.852436,6.479576,3.599474,-0.451666,,
19-Jun-19,24:40.3,2687.946212,-3247.695658,5168.128593,6.306294,3.821155,-0.886402,,
19-Jun-19,25:47.1,3101.600808,-2985.361933,5093.591028,6.086694,4.038454,-1.34668,,
19-Jun-19,26:53.8,3499.547319,-2709.176687,4988.561242,5.832795,4.2342,-1.79916,,
19-Jun-19,28:00.6,3879.528567,-2420.601509,4853.635639,5.545831,4.407532,-2.241139,,
19-Jun-19,29:07.2,4238.77347,-2121.676946,4689.897116,5.227803,4.557462,-2.669236,,
19-Jun-19,30:13.8,4575.371209,-1813.972601,4498.414934,4.880433,4.6835,-3.080999,,
19-Jun-19,31:20.5,4888.359574,-1498.196572,4279.764419,4.504515,4.785519,-3.475142,,
19-Jun-19,32:27.3,5176.016945,-1175.712547,4034.938345,4.101598,4.863094,-3.84947,,
19-Jun-19,33:34.0,5435.605876,-849.31993,3766.234359,3.675216,4.915671,-4.200359,,
19-Jun-19,34:40.6,5665.447761,-521.107766,3475.723806,3.228309,4.943215,-4.525389,,
19-Jun-19,35:47.2,5865.222305,-191.301497,3163.891418,2.761354,4.945884,-4.82404,,
19-Jun-19,36:54.2,6033.944659,139.267679,2831.635433,2.27555,4.923596,-5.094988,,
19-Jun-19,38:01.1,6169.616615,467.430838,2482.346974,1.77567,4.876565,-5.335165,,
19-Jun-19,39:07.9,6271.205518,790.786826,2119.019786,1.265711,4.805392,-5.54266,,
19-Jun-19,40:14.9,6338.624385,1109.73065,1741.565624,0.745331,4.710106,-5.71743,,
19-Jun-19,41:21.8,6370.93271,1420.798908,1354.456744,0.220492,4.591851,-5.8573,,
19-Jun-19,42:28.6,6368.054198,1723.091632,959.32852,-0.306839,4.451236,-5.961809,,
19-Jun-19,43:35.4,6329.979279,2014.996209,558.788162,-0.833397,4.289234,-6.030322,,
19-Jun-19,44:42.0,6256.945882,2295.072393,155.356555,-1.356082,4.106906,-6.062513,,
19-Jun-19,45:48.8,6149.176665,2562.479222,-249.232237,-1.872838,3.905013,-6.058277,,
19-Jun-19,46:53.4,6012.131516,2808.154201,-639.851905,-2.36485,3.691893,-6.019422,,
19-Jun-19,48:00.1,5837.792558,3046.593723,-1039.011178,-2.860634,3.455183,-5.943735,,
19-Jun-19,49:06.7,5631.203477,3268.383192,-1431.333714,-3.340931,3.203044,-5.832549,,
19-Jun-19,50:13.4,5393.000837,3473.043332,-1815.37516,-3.804121,2.936285,-5.686337,,
19-Jun-19,51:20.1,5124.316444,3659.650786,-2188.87854,-4.247601,2.656254,-5.505886,,
19-Jun-19,52:26.8,4826.837175,3827.160402,-2549.183369,-4.668332,2.364726,-5.29246,,
19-Jun-19,53:33.5,4502.133969,3974.876536,-2894.172875,-5.06396,2.063203,-5.047356,,
19-Jun-19,54:40.3,4150.992637,4102.498322,-3222.634164,-5.433171,1.752412,-4.771304,,
19-Jun-19,55:47.3,3775.45311,4209.268175,-3532.198949,-5.773349,1.434159,-4.466036,,
19-Jun-19,56:54.2,3378.844384,4294.4094,-3819.94746,-6.081366,1.111149,-4.134454,,
19-Jun-19,58:01.1,2962.906394,4357.796094,-4084.581256,-6.355929,0.784624,-3.778247,,
19-Jun-19,59:08.1,2528.359711,4399.374092,-4325.36095,-6.59629,0.455033,-3.398214,,
19-Jun-19,00:15.2,2079.222914,4418.818807,-4539.816731,-6.799992,0.125277,-2.998057,,
19-Jun-19,01:22.3,1617.111531,4416.177367,-4727.051589,-6.966205,-0.203664,-2.579425,,
19-Jun-19,02:29.3,1145.630933,4391.584343,-4885.512739,-7.093559,-0.529451,-2.145794,,
19-Jun-19,03:36.2,668.051364,4345.422279,-5014.195612,-7.18132,-0.850119,-1.700418,,
19-Jun-19,04:43.0,186.284737,4278.058773,-5112.678654,-7.229269,-1.164685,-1.245315,,
19-Jun-19,05:49.9,-297.515699,4189.875344,-5180.504087,-7.237163,-1.472022,-0.782724,,
19-Jun-19,06:56.7,-780.378243,4081.460131,-5217.22942,-7.204891,-1.770522,-0.315683,,
19-Jun-19,08:03.5,-1259.559102,3953.478145,-5222.667549,-7.132619,-2.058789,0.152958,,
19-Jun-19,09:10.3,-1732.604864,3806.603913,-5196.81111,-7.020677,-2.335647,0.620613,,
19-Jun-19,10:17.1,-2196.737287,3641.694609,-5139.838883,-6.86967,-2.59977,1.084358,,
19-Jun-19,11:23.9,-2649.271133,3459.695226,-5052.145467,-6.680451,-2.849936,1.541333,,
19-Jun-19,12:30.7,-3088.004959,3261.446001,-4934.210808,-6.453887,-3.085227,1.989149,,
19-Jun-19,13:37.5,-3510.551192,3047.929498,-4786.695031,-6.191093,-3.304645,2.42522,,
19-Jun-19,14:44.2,-3914.137422,2820.455842,-4610.633538,-5.893725,-3.507032,2.846535,,
19-Jun-19,15:51.0,-4296.555327,2580.191739,-4407.115406,-5.563407,-3.691565,3.250638,,
19-Jun-19,16:57.8,-4656.199541,2327.989194,-4177.041708,-5.201405,-3.857727,3.635705,,
19-Jun-19,18:04.6,-4991.013756,2065.043797,-3921.679486,-4.809531,-4.004794,3.999425,,
19-Jun-19,19:11.4,-5298.538108,1793.080141,-3642.948996,-4.390519,-4.131917,4.339016,,
19-Jun-19,20:18.2,-5577.08678,1513.435504,-3342.531985,-3.94666,-4.238628,4.652503,,
19-Jun-19,21:25.1,-5825.656542,1226.814211,-3021.479157,-3.479297,-4.324726,4.938678,,
19-Jun-19,22:32.2,-6042.755935,934.417873,-2681.408024,-2.990599,-4.389811,5.195793,,
19-Jun-19,23:39.3,-6226.49441,638.334925,-2325.085002,-2.484334,-4.433433,5.421572,,
19-Jun-19,24:46.4,-6375.703928,340.178374,-1954.869312,-1.963627,-4.455466,5.614525,,
19-Jun-19,25:53.4,-6489.628736,41.134427,-1572.672028,-1.430944,-4.455915,5.773641,,
19-Jun-19,27:00.5,-6567.446158,-256.916032,-1181.366964,-0.890069,-4.434895,5.897747,,
19-Jun-19,28:07.5,-6608.809092,-552.874504,-782.891218,-0.343457,-4.392604,5.986276,,
19-Jun-19,29:14.5,-6613.429562,-845.297818,-379.683992,0.205765,-4.329337,6.038677,,
19-Jun-19,30:21.5,-6581.282205,-1132.52903,25.445761,0.753989,-4.245567,6.054629,,
19-Jun-19,31:19.2,-6524.150623,-1375.229647,374.782275,1.223983,-4.157191,6.039085,,
19-Jun-19,32:18.9,-6436.723039,-1620.233471,734.022348,1.704788,-4.050563,5.994584,,
19-Jun-19,33:25.8,-6304.958333,-1886.573748,1132.226276,2.234861,-3.913203,5.910669,,
19-Jun-19,34:32.7,-6138.093453,-2143.172939,1523.71634,2.753103,-3.757588,5.791231,,
19-Jun-19,35:39.5,-5937.067912,-2388.759869,1906.022803,3.256426,-3.584565,5.637022,,
19-Jun-19,36:46.4,-5703.02471,-2622.160609,2276.787095,3.741906,-3.395055,5.449024,,
19-Jun-19,37:53.3,-5437.071554,-2842.458036,2634.034952,4.207128,-3.189878,5.22824,,
19-Jun-19,39:00.2,-5140.398126,-3048.77108,2975.846768,4.649749,-2.96987,4.975769,,
19-Jun-19,40:07.2,-4814.693203,-3240.021823,3299.962612,5.066996,-2.736178,4.693176,,
19-Jun-19,41:14.3,-4461.945299,-3415.19627,3604.194559,5.456199,-2.490084,4.382328,,
19-Jun-19,42:21.3,-4083.792906,-3573.622552,3886.928537,5.815429,-2.232566,4.044824,,
19-Jun-19,43:28.5,-3681.731066,-3714.720921,4146.732153,6.142986,-1.964475,3.682146,,
19-Jun-19,44:35.8,-3258.134828,-3837.672974,4381.737665,6.43662,-1.687208,3.296584,,
19-Jun-19,45:43.1,-2816.334535,-3941.628168,4589.948954,6.693938,-1.402716,2.891339,,
19-Jun-19,46:50.3,-2359.214319,-4026.117332,4770.037386,6.913396,-1.11259,2.469243,,
19-Jun-19,47:57.3,-1889.499947,-4090.858563,4921.019616,7.093882,-0.818276,2.033004,,
19-Jun-19,49:04.3,-1409.608557,-4135.707587,5042.200614,7.234635,-0.521,1.585061,,
19-Jun-19,50:11.1,-922.078553,-4160.566766,5132.987759,7.335018,-0.222042,1.127974,,
19-Jun-19,51:18.0,-429.46957,-4165.403697,5192.931323,7.394569,0.077326,0.664335,,
19-Jun-19,52:24.9,65.784455,-4150.243153,5221.728162,7.412995,0.375923,0.196617,,
19-Jun-19,53:31.7,560.950212,-4115.177179,5219.192995,7.390151,0.672402,-0.272419,,
19-Jun-19,54:38.6,1052.97586,-4060.426334,5185.353136,7.326162,0.965243,-0.739702,,
19-Jun-19,55:45.4,1539.061728,-3986.308143,5120.459416,7.221419,1.253084,-1.202392,,
19-Jun-19,56:52.1,2016.612427,-3893.202115,5024.925281,7.076499,1.534688,-1.657836,,
19-Jun-19,57:58.8,2482.792869,-3781.631379,4899.406471,6.892292,1.808673,-2.103151,,
19-Jun-19,59:05.5,2934.983176,-3652.191545,4744.735301,6.669902,2.07378,-2.535653,,
19-Jun-19,00:12.2,3371.297658,-3505.332572,4561.63295,6.410241,2.329172,-2.953363,,
19-Jun-19,01:19.0,3789.615772,-3341.585013,4350.960918,6.114406,2.573865,-3.354079,,
19-Jun-19,02:25.7,4186.779743,-3162.020173,4114.347343,5.784539,2.806256,-3.734606,,
19-Jun-19,03:32.2,4560.011878,-2967.847047,3853.698275,5.423131,3.024943,-4.092114,,
19-Jun-19,04:38.8,4908.165215,-2759.581631,3570.045889,5.031451,3.229462,-4.425339,,
19-Jun-19,05:45.6,5230.259287,-2537.484389,3264.085403,4.610304,3.419437,-4.733189,,
19-Jun-19,06:52.5,5523.827892,-2302.81992,2937.926027,4.162428,3.5936,-5.01316,,
19-Jun-19,07:59.3,5786.235705,-2057.473046,2594.605461,3.691813,3.75055,-5.262603,,
19-Jun-19,09:06.1,6016.534375,-1802.19086,2235.617058,3.200322,3.889855,-5.480491,,
19-Jun-19,10:13.1,6213.881869,-1537.470287,1862.1192,2.689359,4.011133,-5.665906,,
19-Jun-19,11:20.0,6376.295151,-1265.605795,1477.83219,2.163832,4.11327,-5.816884,,
19-Jun-19,12:26.8,6503.090167,-987.649567,1084.745623,1.626275,4.19591,-5.932708,,
19-Jun-19,13:33.6,6593.530088,-705.152609,685.564416,1.080204,4.258623,-6.012642,,
19-Jun-19,14:40.4,6647.236212,-419.442819,282.681572,0.528711,4.301166,-6.056317,,
19-Jun-19,15:47.1,6664.028514,-131.65295,-121.786014,-0.025492,4.323396,-6.063569,,
19-Jun-19,16:53.8,6643.855132,156.835434,-525.376457,-0.579216,4.32521,-6.03439,,
19-Jun-19,18:00.4,6586.886014,444.634224,-925.631913,-1.129276,4.306606,-5.969007,,
19-Jun-19,19:07.1,6493.401755,730.64236,-1320.508984,-1.673051,4.267639,-5.867766,,
19-Jun-19,20:13.8,6363.874219,1013.537239,-1707.674173,-2.207522,4.208437,-5.731224,,
19-Jun-19,21:20.5,6199.241867,1291.582984,-2084.263858,-2.728926,4.129349,-5.560427,,
19-Jun-19,22:27.2,6000.421463,1563.612538,-2448.232182,-3.234617,4.03072,-5.356396,,
19-Jun-19,23:33.9,5768.119233,1828.824072,-2798.044726,-3.722655,3.912777,-5.119953,,
19-Jun-19,24:40.8,5503.455181,2085.968175,-3131.595929,-4.190309,3.77594,-4.85235,,
19-Jun-19,25:47.6,5208.496074,2333.206274,-3446.084058,-4.633846,3.621117,-4.555798,,
19-Jun-19,26:54.4,4884.931244,2569.400885,-3739.69422,-5.050889,3.449021,-4.232121,,
19-Jun-19,28:01.4,4533.290586,2794.241546,-4011.661635,-5.440556,3.259732,-3.881999,,
19-Jun-19,29:08.5,4155.759333,3006.289582,-4259.864583,-5.800023,3.054198,-3.50777,,
19-Jun-19,30:15.7,3754.66412,3204.274841,-4482.486812,-6.126866,2.833441,-3.111899,,
19-Jun-19,31:22.9,3333.299278,3386.725861,-4677.624842,-6.418458,2.599025,-2.697799,,
19-Jun-19,32:29.8,2895.145171,3552.444769,-4843.865733,-6.672803,2.352648,-2.269047,,
19-Jun-19,33:36.6,2441.807502,3701.105438,-4980.798925,-6.889373,2.094965,-1.827375,,
19-Jun-19,34:43.5,1974.616758,3832.363272,-5087.971935,-7.067595,1.826452,-1.374253,,
19-Jun-19,35:50.5,1496.583128,3945.387774,-5164.566872,-7.206261,1.548543,-0.912779,,
19-Jun-19,36:57.3,1011.35167,4039.403964,-5210.026324,-7.30444,1.263069,-0.446645,,
19-Jun-19,38:04.1,521.490799,4114.030397,-5224.226045,-7.361841,0.971258,0.021508,,
19-Jun-19,39:01.0,102.201522,4162.094415,-5211.661408,-7.378482,0.718448,0.420186,,
19-Jun-19,39:58.6,-322.514378,4196.023739,-5175.876367,-7.36506,0.45933,0.822009,,
19-Jun-19,41:05.3,-812.783204,4216.587201,-5105.550463,-7.31148,0.15615,1.283159,,
19-Jun-19,42:12.1,-1298.025924,4216.844826,-5004.694589,-7.217439,-0.148586,1.736503,,
19-Jun-19,43:18.9,-1775.739242,4196.73612,-4873.877212,-7.083474,-0.453588,2.179518,,
19-Jun-19,44:25.7,-2243.133146,4156.299007,-4713.92071,-6.910411,-0.757348,2.609433,,
19-Jun-19,45:32.0,-2697.492377,4095.691307,-4525.856575,-6.699341,-1.058358,3.023571,,
